#Accession	Sequence ID	Release Date
PV702891	ac118	06/30/2025	
PV702892	ac123	06/30/2025	
PV702893	ac124	06/30/2025	
PV702894	ac125	06/30/2025	
PV702895	ac126	06/30/2025	
PV702896	ac127	06/30/2025	
PV702897	ac128	06/30/2025	
PV702898	ac129	06/30/2025	
PV702899	ac130	06/30/2025	
PV702900	ac131	06/30/2025	
PV702901	ac132	06/30/2025	
PV702902	ac133	06/30/2025	
PV702903	ac134	06/30/2025	
PV702904	ac135	06/30/2025	
PV702905	ac136	06/30/2025	
PV702906	ac138	06/30/2025	
PV702907	ac139	06/30/2025	
PV702908	ac140	06/30/2025	
PV702909	ac141	06/30/2025	
PV702910	ac144	06/30/2025	
PV702911	ac146	06/30/2025	
PV702912	ac147	06/30/2025	
PV702913	ac148	06/30/2025	
PV702914	ac149	06/30/2025	
PV702915	ac150	06/30/2025	
PV702916	ac151	06/30/2025	
PV702917	hm36	06/30/2025	
PV702918	hm39	06/30/2025	
PV702919	hm69	06/30/2025	
PV702920	hm70	06/30/2025	
PV702921	hm71	06/30/2025	
PV702922	hm73	06/30/2025	
PV702923	hm74	06/30/2025	
PV702924	hm75	06/30/2025	
PV702925	hm76	06/30/2025	
PV702926	hm77	06/30/2025	
PV702927	hm79	06/30/2025	
PV702928	hm80	06/30/2025	
PV702929	hm82	06/30/2025	
PV702930	hm83	06/30/2025	
PV702931	hm84	06/30/2025	
PV702932	hm85	06/30/2025	
